V1,PC1,PC2,Ethnicity,Region
HGDP00511,0.0311,-0.0122,French,modern
HGDP00512,0.0267,-0.0108,French,modern
HGDP00513,0.0282,-0.013,French,modern
HGDP00514,0.031,-0.011,French,modern
HGDP00515,0.0326,-0.0136,French,modern
HGDP00516,0.0261,-0.0053,French,modern
HGDP00517,0.0296,-0.0127,French,modern
HGDP00518,0.0314,-0.0121,French,modern
HGDP00519,0.0362,-0.0069,French,modern
HGDP00522,0.029,-0.0104,French,modern
HGDP00523,0.0351,-0.0118,French,modern
HGDP00524,0.0271,-0.0184,French,modern
HGDP00525,0.028,-0.0114,French,modern
HGDP00526,0.0313,-0.0102,French,modern
HGDP00527,0.0308,-0.0112,French,modern
HGDP00528,0.0304,-0.0113,French,modern
HGDP00529,0.028,-0.0116,French,modern
HGDP00531,0.0298,-0.0242,French,modern
HGDP00533,0.0382,-0.0044,French,modern
HGDP00534,0.0301,-0.0113,French,modern
HGDP00535,0.0358,-0.0078,French,modern
HGDP00536,0.0221,-0.0154,French,modern
HGDP00537,0.0274,-0.0119,French,modern
HGDP00538,0.0281,-0.013,French,modern
HGDP00539,0.0271,-0.0155,French,modern
HGDP00557,-0.0313,0.0139,Druze,modern
HGDP00558,-0.034,0.0164,Druze,modern
HGDP00559,-0.0288,0.0156,Druze,modern
HGDP00560,-0.0321,0.0226,Druze,modern
HGDP00561,-0.0306,0.0109,Druze,modern
HGDP00562,-0.031,0.0139,Druze,modern
HGDP00563,-0.0314,0.011,Druze,modern
HGDP00564,-0.0296,0.0147,Druze,modern
HGDP00565,-0.034,0.0156,Druze,modern
HGDP00566,-0.0314,0.0058,Druze,modern
HGDP00567,-0.0364,0.0171,Druze,modern
HGDP00568,-0.0315,0.0255,Druze,modern
HGDP00569,-0.0287,0.0124,Druze,modern
HGDP00571,-0.0251,0.0167,Druze,modern
HGDP00572,-0.0339,0.0171,Druze,modern
HGDP00573,-0.0309,0.0144,Druze,modern
HGDP00574,-0.0361,0.0201,Druze,modern
HGDP00575,-0.0318,0.0186,Druze,modern
HGDP00577,-0.0335,0.0167,Druze,modern
HGDP00578,-0.0309,0.0082,Druze,modern
HGDP00579,-0.0279,0.0066,Druze,modern
HGDP00580,-0.0266,0.0113,Druze,modern
HGDP00582,-0.0317,0.0104,Druze,modern
HGDP00583,-0.0339,0.0251,Druze,modern
HGDP00584,-0.0278,0.0134,Druze,modern
HGDP00586,-0.03,0.006,Druze,modern
HGDP00587,-0.0252,0.0098,Druze,modern
HGDP00588,-0.0357,0.0176,Druze,modern
HGDP00591,-0.0286,0.0168,Druze,modern
HGDP00594,-0.0324,0.0089,Druze,modern
HGDP00595,-0.0294,0.0189,Druze,modern
HGDP00597,-0.0301,0.0093,Druze,modern
HGDP00598,-0.0332,0.012,Druze,modern
HGDP00599,-0.0262,0.0204,Druze,modern
HGDP00600,-0.0286,0.0068,Druze,modern
HGDP00601,-0.035,0.0163,Druze,modern
HGDP00602,-0.0258,0.009,Druze,modern
HGDP00604,-0.0328,0.0201,Druze,modern
HGDP00606,-0.0283,0.0113,Druze,modern
HGDP00607,-0.076,-0.0584,BedouinB,modern
HGDP00608,-0.0624,-0.0367,BedouinB,modern
HGDP00609,-0.0522,-0.017,BedouinA,modern
HGDP00610,-0.0767,-0.0709,BedouinB,modern
HGDP00611,-0.0833,-0.0678,BedouinA,modern
HGDP00612,-0.0804,-0.0749,BedouinB,modern
HGDP00613,-0.0447,-0.0025,BedouinA,modern
HGDP00614,-0.0565,-0.0161,BedouinA,modern
HGDP00615,-0.0529,-0.0141,BedouinA,modern
HGDP00616,-0.0742,-0.0776,BedouinB,modern
HGDP00618,-0.078,-0.0703,BedouinB,modern
HGDP00619,-0.0482,-0.0105,BedouinA,modern
HGDP00620,-0.0657,-0.0269,BedouinA,modern
HGDP00622,-0.0543,-0.0188,BedouinA,modern
HGDP00623,-0.077,-0.0643,BedouinB,modern
HGDP00624,-0.0741,-0.0549,BedouinB,modern
HGDP00625,-0.0483,-0.0185,BedouinA,modern
HGDP00626,-0.0529,-0.0183,BedouinA,modern
HGDP00628,-0.0525,-0.018,BedouinA,modern
HGDP00629,-0.0494,-0.0161,BedouinA,modern
HGDP00630,-0.082,-0.0845,BedouinB,modern
HGDP00631,-0.0809,-0.0751,BedouinB,modern
HGDP00632,-0.0783,-0.0482,BedouinA,modern
HGDP00634,-0.0707,-0.0401,BedouinA,modern
HGDP00635,-0.0499,-0.0119,BedouinA,modern
HGDP00636,-0.0701,-0.0471,BedouinB,modern
HGDP00637,-0.0534,-0.0118,BedouinA,modern
HGDP00638,-0.0634,-0.0333,BedouinA,modern
HGDP00639,-0.0537,-0.0268,BedouinA,modern
HGDP00640,-0.071,-0.0442,BedouinA,modern
HGDP00641,-0.0714,-0.0566,BedouinB,modern
HGDP00642,-0.0547,-0.0144,BedouinA,modern
HGDP00643,-0.0719,-0.0607,BedouinB,modern
HGDP00644,-0.0449,-0.0074,BedouinA,modern
HGDP00645,-0.0497,-0.0087,BedouinA,modern
HGDP00646,-0.0905,-0.076,BedouinA,modern
HGDP00647,-0.0483,-0.0128,BedouinA,modern
HGDP00648,-0.0713,-0.0606,BedouinB,modern
HGDP00649,-0.0769,-0.073,BedouinB,modern
HGDP00650,-0.0681,-0.0567,BedouinB,modern
HGDP00651,-0.071,-0.0526,BedouinB,modern
HGDP00653,-0.0735,-0.0524,BedouinB,modern
HGDP00654,-0.0379,0.0011,BedouinA,modern
HGDP00666,0.0089,-0.0366,Sardinian,modern
HGDP00667,0.0136,-0.036,Sardinian,modern
HGDP00668,0.0107,-0.0407,Sardinian,modern
HGDP00669,0.0101,-0.0391,Sardinian,modern
HGDP00670,0.0097,-0.0407,Sardinian,modern
HGDP00671,0.0114,-0.0393,Sardinian,modern
HGDP00672,0.0079,-0.0366,Sardinian,modern
HGDP00673,0.0073,-0.0361,Sardinian,modern
HGDP00674,0.0113,-0.0402,Sardinian,modern
HGDP00675,-0.0458,-0.0017,Palestinian,modern
HGDP00676,-0.0422,-0.0019,Palestinian,modern
HGDP00677,-0.0442,-0.0033,Palestinian,modern
HGDP00679,-0.0423,-1.00E-04,Palestinian,modern
HGDP00680,-0.0518,-0.0129,Palestinian,modern
HGDP00683,-0.0485,-0.0042,Palestinian,modern
HGDP00684,-0.0438,-0.0097,Palestinian,modern
HGDP00685,-0.0541,-0.0133,Palestinian,modern
HGDP00686,-0.0453,-0.0085,Palestinian,modern
HGDP00687,-0.0444,-0.0029,Palestinian,modern
HGDP00688,-0.0373,-7.00E-04,Palestinian,modern
HGDP00689,-0.0423,-0.004,Palestinian,modern
HGDP00690,-0.0435,-0.0025,Palestinian,modern
HGDP00691,-0.0454,-0.0075,Palestinian,modern
HGDP00694,-0.041,-0.001,Palestinian,modern
HGDP00696,-0.0414,0.0018,Palestinian,modern
HGDP00697,-0.0448,-0.0096,Palestinian,modern
HGDP00698,-0.0431,-0.0032,Palestinian,modern
HGDP00699,-0.0404,-0.0028,Palestinian,modern
HGDP00700,-0.0452,-0.0096,Palestinian,modern
HGDP00701,-0.0745,-0.0667,BedouinB,modern
HGDP00722,-0.0394,-0.0013,Palestinian,modern
HGDP00724,-0.0452,-0.0026,Palestinian,modern
HGDP00725,-0.043,-0.0015,Palestinian,modern
HGDP00726,-0.0477,-0.0058,Palestinian,modern
HGDP00727,-0.0427,-0.0034,Palestinian,modern
HGDP00729,-0.0463,-0.006,Palestinian,modern
HGDP00730,-0.0427,-0.0012,Palestinian,modern
HGDP00731,-0.0557,-0.0131,Palestinian,modern
HGDP00732,-0.0466,-0.0078,Palestinian,modern
HGDP00733,-0.046,-0.0054,Palestinian,modern
HGDP00734,-0.0432,-0.001,Palestinian,modern
HGDP00735,-0.0434,-0.0039,Palestinian,modern
HGDP00736,-0.0396,-4.00E-04,Palestinian,modern
HGDP00737,-0.0489,-0.0076,Palestinian,modern
HGDP00739,-0.0481,-0.0073,Palestinian,modern
HGDP00740,-0.0418,-0.0054,Palestinian,modern
HGDP00741,-0.0404,-0.0051,Palestinian,modern
HGDP00745,-0.0401,8.00E-04,Palestinian,modern
HGDP00794,0.0383,-0.0078,Orcadian,modern
HGDP00796,0.0383,-0.0079,Orcadian,modern
HGDP00797,0.0387,-0.0095,Orcadian,modern
HGDP00798,0.0373,-0.0061,Orcadian,modern
HGDP00799,0.0413,-0.0083,Orcadian,modern
HGDP00800,0.0392,-0.0085,Orcadian,modern
HGDP00802,0.0405,-0.0091,Orcadian,modern
HGDP00803,0.0382,-0.0067,Orcadian,modern
HGDP00805,0.0406,-0.0076,Orcadian,modern
HGDP00806,0.0384,-0.0086,Orcadian,modern
HGDP00807,0.0401,-0.0072,Orcadian,modern
HGDP00808,0.0398,-0.0095,Orcadian,modern
HGDP00810,0.0376,-0.0072,Orcadian,modern
HGDP00879,0.0421,0.0114,Russian,modern
HGDP00880,0.0431,0.0113,Russian,modern
HGDP00882,0.0429,0.0114,Russian,modern
HGDP00883,0.0468,0.0097,Russian,modern
HGDP00884,0.0425,0.0062,Russian,modern
HGDP00887,0.0407,0.0075,Russian,modern
HGDP00888,0.0406,0.0071,Russian,modern
HGDP00889,0.0426,0.0098,Russian,modern
HGDP00890,0.0452,0.0102,Russian,modern
HGDP00891,0.0418,0.012,Russian,modern
HGDP00892,0.0458,0.0093,Russian,modern
HGDP00893,0.0443,0.0117,Russian,modern
HGDP00894,0.0409,0.0106,Russian,modern
HGDP00895,0.0439,0.0095,Russian,modern
HGDP00896,0.0414,0.0124,Russian,modern
HGDP00897,0.0421,0.0116,Russian,modern
HGDP00898,0.0438,0.0152,Russian,modern
HGDP00899,0.041,0.0118,Russian,modern
HGDP00900,0.0423,0.0062,Russian,modern
HGDP00901,0.0423,0.0092,Russian,modern
HGDP00902,0.0419,0.0121,Russian,modern
HGDP00903,0.0439,0.0081,Russian,modern
HGDP01062,0.0093,-0.0397,Sardinian,modern
HGDP01063,0.0093,-0.0394,Sardinian,modern
HGDP01064,0.0091,-0.0427,Sardinian,modern
HGDP01065,0.0125,-0.0404,Sardinian,modern
HGDP01066,0.0103,-0.0455,Sardinian,modern
HGDP01067,0.0067,-0.0391,Sardinian,modern
HGDP01068,0.0069,-0.0347,Sardinian,modern
HGDP01069,0.0113,-0.0404,Sardinian,modern
HGDP01070,0.0089,-0.0396,Sardinian,modern
HGDP01071,0.0083,-0.0379,Sardinian,modern
HGDP01072,0.0066,-0.0362,Sardinian,modern
HGDP01073,0.0095,-0.0382,Sardinian,modern
HGDP01074,0.0097,-0.0386,Sardinian,modern
HGDP01075,0.0075,-0.0409,Sardinian,modern
HGDP01076,0.0092,-0.0377,Sardinian,modern
HGDP01077,0.0102,-0.0342,Sardinian,modern
HGDP01078,0.0103,-0.036,Sardinian,modern
HGDP01079,0.0114,-0.0397,Sardinian,modern
HGDP01147,0.0187,-0.0111,Italian_North,modern
HGDP01151,0.0205,-0.0144,Italian_North,modern
HGDP01152,0.014,-0.0119,Italian_North,modern
HGDP01153,0.0163,-0.0131,Italian_North,modern
HGDP01155,0.0145,-0.0116,Italian_North,modern
HGDP01156,0.0157,-0.0154,Italian_North,modern
HGDP01157,0.018,-0.0091,Italian_North,modern
HGDP01161,0.0089,-0.0103,Italian_North,modern
HGDP01162,0.0089,-0.006,Italian_North,modern
HGDP01163,0.0105,-0.0051,Italian_North,modern
HGDP01164,0.0105,-0.0114,Italian_North,modern
HGDP01166,0.011,-0.0094,Italian_North,modern
HGDP01167,0.0094,-0.0075,Italian_North,modern
HGDP01168,0.0109,-0.0068,Italian_North,modern
HGDP01169,0.0085,-0.0075,Italian_North,modern
HGDP01171,0.0155,-0.0124,Italian_North,modern
HGDP01172,0.014,-0.0085,Italian_North,modern
HGDP01173,0.0186,-0.0124,Italian_North,modern
HGDP01174,0.0133,-0.0138,Italian_North,modern
HGDP01177,0.0182,-0.0141,Italian_North,modern
HGDP01357,0.0312,-0.0364,Basque,modern
HGDP01358,0.0329,-0.0383,Basque,modern
HGDP01359,0.0345,-0.0363,Basque,modern
HGDP01360,0.039,-0.0414,Basque,modern
HGDP01362,0.0343,-0.0369,Basque,modern
HGDP01363,0.0341,-0.0363,Basque,modern
HGDP01364,0.029,-0.0343,Basque,modern
HGDP01365,0.0321,-0.036,Basque,modern
HGDP01366,0.034,-0.0361,Basque,modern
HGDP01367,0.0358,-0.0349,Basque,modern
HGDP01368,0.0315,-0.0307,Basque,modern
HGDP01370,0.0335,-0.0377,Basque,modern
HGDP01371,0.0354,-0.0329,Basque,modern
HGDP01373,0.0329,-0.0384,Basque,modern
HGDP01374,0.0337,-0.0414,Basque,modern
HGDP01375,0.0322,-0.0362,Basque,modern
HGDP01377,0.0334,-0.036,Basque,modern
HGDP01378,0.0337,-0.0351,Basque,modern
HGDP01379,0.0347,-0.0386,Basque,modern
HGDP01380,0.0335,-0.0395,Basque,modern
HGDP01381,7.00E-04,0.0505,Adygei,modern
HGDP01382,-6.00E-04,0.0454,Adygei,modern
HGDP01383,-0.0019,0.0442,Adygei,modern
HGDP01385,-6.00E-04,0.0449,Adygei,modern
HGDP01386,-0.0025,0.0454,Adygei,modern
HGDP01387,-0.0018,0.0461,Adygei,modern
HGDP01396,0.0083,0.0363,Adygei,modern
HGDP01397,5.00E-04,0.0461,Adygei,modern
HGDP01398,-0.0057,0.0497,Adygei,modern
HGDP01399,-0.0031,0.0474,Adygei,modern
HGDP01400,-0.0035,0.0465,Adygei,modern
HGDP01401,-0.0032,0.047,Adygei,modern
HGDP01402,0.0023,0.0452,Adygei,modern
HGDP01403,-0.0018,0.0397,Adygei,modern
HGDP01404,-0.0053,0.0498,Adygei,modern
BulgarianD6,0.0211,1.00E-04,Bulgarian,modern
BulgarianA4,0.0216,-0.0017,Bulgarian,modern
hungary3,0.0291,-0.004,Hungarian,modern
LithuanianF1,0.0538,-0.0033,Lithuanian,modern
iran19,-0.0193,0.031,Iranian,modern
iran14,-0.0155,0.0331,Iranian,modern
syria464,-0.0434,0.0038,Syrian,modern
Lebanon5,-0.05,-0.0079,Lebanese,modern
Jordan543,-0.0392,-0.0047,Jordanian,modern
BulgarianE2,0.0191,3.00E-04,Bulgarian,modern
BulgarianB4,0.0156,0.0035,Bulgarian,modern
hungary6,0.0296,-0.0047,Hungarian,modern
lithuania3,0.0472,-0.0021,Lithuanian,modern
iran2,-0.0172,0.0394,Iranian,modern
iran20,-0.0209,0.0347,Iranian,modern
syria361,-0.0203,0.0207,Syrian,modern
Lebanon6,-0.0242,0.021,Lebanese,modern
SaudiA5,-0.0642,-0.032,Saudi,modern
Jordan214,-0.0355,9.00E-04,Jordanian,modern
BulgarianA1,0.0158,0.0019,Bulgarian,modern
HungarianC5,0.0338,3.00E-04,Hungarian,modern
hungary7,0.0336,4.00E-04,Hungarian,modern
lithuania10,0.0532,0.0011,Lithuanian,modern
iran3,-0.0234,0.0324,Iranian,modern
syria485,-0.0292,0.0047,Syrian,modern
Lebanon7,-0.0303,0.0029,Lebanese,modern
SaudiA6,-0.0499,-0.0112,Saudi,modern
Jordan445,-0.0368,-6.00E-04,Jordanian,modern
BulgarianB1,0.0181,-0.0022,Bulgarian,modern
HungarianE5,0.0321,-0.0025,Hungarian,modern
HungarianH3,0.0324,-0.0044,Hungarian,modern
lithuania9,0.0507,-0.0024,Lithuanian,modern
syria520,-0.0396,-0.0054,Syrian,modern
syria4,-0.032,0.0041,Syrian,modern
Lebanon8,-0.0245,0.0154,Lebanese,modern
SaudiA7,-0.0303,0.0057,Saudi,modern
Jordan62,-0.0478,-0.0036,Jordanian,modern
BulgarianC1,0.0129,0.0011,Bulgarian,modern
hungary15,0.0301,-9.00E-04,Hungarian,modern
LithuanianA1,0.0511,-0.0045,Lithuanian,modern
LithuanianE2,0.0482,-0.0018,Lithuanian,modern
iran11,-0.0168,0.0392,Iranian,modern
syria461,-0.0499,0.0024,Syrian,modern
Lebanon1,-0.0297,0.0084,Lebanese,modern
saudi1434,-0.06,-0.0316,Saudi,modern
Jordan603,-0.0394,-0.0012,Jordanian,modern
BulgarianF1,0.0192,0.0026,Bulgarian,modern
hungary20,0.0334,-0.0058,Hungarian,modern
lithuania1,0.0481,-0.003,Lithuanian,modern
lithuania8,0.0491,-7.00E-04,Lithuanian,modern
iran16,-0.0189,0.0383,Iranian,modern
Lebanon2,-0.0308,0.0056,Lebanese,modern
saudi1424,-0.062,-0.0307,Saudi,modern
SaudiA9,-0.0434,9.00E-04,Saudi,modern
Jordan307,-0.0378,-0.009,Jordanian,modern
BulgarianH2,0.0127,-0.0013,Bulgarian,modern
hungary2,0.0323,-2.00E-04,Hungarian,modern
lithuania2,0.0511,-0.0023,Lithuanian,modern
iran17,-0.0211,0.0352,Iranian,modern
syria6,-0.0444,0.0049,Syrian,modern
Lebanon3,-0.0294,0.0032,Lebanese,modern
Jordan503,-0.0343,0.0095,Jordanian,modern
BulgarianF2,0.0197,0.001,Bulgarian,modern
HungarianD1,0.0247,-1.00E-04,Hungarian,modern
LithuanianD1,0.0479,-0.0041,Lithuanian,modern
syria7,-0.0447,0.0027,Syrian,modern
Lebanon4,-0.0459,-0.0066,Lebanese,modern
SaudiA1,-0.0639,-0.0288,Saudi,modern
Jordan646,-0.0405,-5.00E-04,Jordanian,modern
Jordan384,-0.0418,-0.0035,Jordanian,modern
bal102,-3.00E-04,0.0458,Balkar,modern
bal64,-0.0014,0.0474,Balkar,modern
mg43,-0.011,0.0507,Georgian,modern
NorthOssetia19,-0.0016,0.0511,Ossetian,modern
ch126,1.00E-04,0.0489,Chechen,modern
abh27,-0.0096,0.0482,Abkhasian,modern
armenia176,-0.0197,0.0268,Armenian,modern
lez38,-0.003,0.0424,Lezgin,modern
bal124,-0.001,0.0449,Balkar,modern
bal97,-0.006,0.0496,Balkar,modern
mg47,-0.0128,0.0466,Georgian,modern
NorthOssetia2,-0.0048,0.0506,Ossetian,modern
ch16,-0.0017,0.0441,Chechen,modern
abh107,-0.0117,0.0512,Abkhasian,modern
abh41,-0.0087,0.0522,Abkhasian,modern
armenia191,-0.0163,0.0308,Armenian,modern
lez40,0.0018,0.0484,Lezgin,modern
kumyks44,-0.0043,0.043,Kumyk,modern
bal136,-0.0013,0.0441,Balkar,modern
mg22,-0.0122,0.0461,Georgian,modern
mg49,-0.0142,0.0482,Georgian,modern
NorthOssetia3,-2.00E-04,0.0476,Ossetian,modern
ch174,0.003,0.0435,Chechen,modern
abh119,-0.0122,0.0493,Abkhasian,modern
armenia86,-0.0164,0.0275,Armenian,modern
armenia279,-0.0249,0.0269,Armenian,modern
bal22,-0.0011,0.0458,Balkar,modern
mg23,-0.0139,0.0455,Georgian,modern
mg62,-0.0153,0.0485,Georgian,modern
NorthOssetia5,-0.0033,0.0491,Ossetian,modern
ch179,-7.00E-04,0.0454,Chechen,modern
abh122,-0.0101,0.044,Abkhasian,modern
armenia91,-0.023,0.0272,Armenian,modern
armenia293,-0.0194,0.034,Armenian,modern
lez49,0.0015,0.0424,Lezgin,modern
kumyks93,-0.0016,0.0456,Kumyk,modern
bal41,-0.0024,0.0473,Balkar,modern
mg27,-0.0159,0.0481,Georgian,modern
NorthOssetia11,-5.00E-04,0.0429,Ossetian,modern
NorthOssetia8,-0.0034,0.0495,Ossetian,modern
ch193,-0.0029,0.049,Chechen,modern
abh133,-0.0111,0.056,Abkhasian,modern
armenia102,-0.015,0.0303,Armenian,modern
lez31,0.0015,0.0424,Lezgin,modern
lez7,-0.001,0.0443,Lezgin,modern
kumyks98,-0.0015,0.0428,Kumyk,modern
bal42,-9.00E-04,0.047,Balkar,modern
mg31,-0.0121,0.0441,Georgian,modern
NorthOssetia12,-0.0031,0.0507,Ossetian,modern
NorthOssetia9,-3.00E-04,0.0488,Ossetian,modern
ch21,0.0028,0.0495,Chechen,modern
abh147,-0.0112,0.0509,Abkhasian,modern
armenia106,-0.0166,0.0327,Armenian,modern
lez33,0.002,0.0419,Lezgin,modern
lez9,0.0028,0.0421,Lezgin,modern
kumyks90,0.0043,0.0433,Kumyk,modern
bal45,-0.0014,0.0491,Balkar,modern
mg34,-0.0122,0.0476,Georgian,modern
NorthOssetia14,6.00E-04,0.0468,Ossetian,modern
ch3,-0.0017,0.0436,Chechen,modern
abh154,-0.0151,0.0482,Abkhasian,modern
armenia139,-0.0236,0.0226,Armenian,modern
lez36,-0.0022,0.0427,Lezgin,modern
kumyks40,-0.007,0.0344,Kumyk,modern
kumyks94,-0.0043,0.0438,Kumyk,modern
bal50,5.00E-04,0.044,Balkar,modern
mg40,-0.0131,0.0485,Georgian,modern
NorthOssetia17,-0.0076,0.0475,Ossetian,modern
ch113,-5.00E-04,0.0477,Chechen,modern
ch31,0.0016,0.0422,Chechen,modern
abh24,-0.0172,0.0449,Abkhasian,modern
armenia162,-0.0204,0.03,Armenian,modern
lez37,-2.00E-04,0.0464,Lezgin,modern
kumyks41,0.0012,0.0429,Kumyk,modern
kumyks97,9.00E-04,0.0357,Kumyk,modern
bel43s,0.0442,8.00E-04,Belarusian,modern
UkrBel618,0.0427,0.0042,Ukrainian,modern
UkrLv240,0.0323,0.0031,Ukrainian,modern
Est393,0.0499,-8.00E-04,Estonian,modern
Mordovians27,0.0406,0.0143,Mordovian,modern
bel30s,0.0437,-0.0024,Belarusian,modern
UkrBel620,0.0391,-5.00E-04,Ukrainian,modern
Est375,0.0506,1.00E-04,Estonian,modern
Est380,0.051,1.00E-04,Estonian,modern
Mordovians28,0.0415,0.0095,Mordovian,modern
bel72c,0.0401,0.0023,Belarusian,modern
UkrBel622,0.0386,0.0051,Ukrainian,modern
Est391,0.052,-6.00E-04,Estonian,modern
Est377,0.0519,-5.00E-04,Estonian,modern
Mordovians30,0.0385,0.0176,Mordovian,modern
bel93c,0.0443,5.00E-04,Belarusian,modern
UkrBel733,0.041,4.00E-04,Ukrainian,modern
Est372,0.0512,1.00E-04,Estonian,modern
Mordovians4,0.0389,0.009,Mordovian,modern
Mordovians31,0.041,0.0122,Mordovian,modern
bel110c,0.0417,0.0014,Belarusian,modern
UkrBel736,0.038,0.0065,Ukrainian,modern
Est358,0.0504,-0.0011,Estonian,modern
Mordovians17,0.041,0.0108,Mordovian,modern
Mordovians1,0.0387,0.0128,Mordovian,modern
bel8s,0.0379,0,Belarusian,modern
belarusian23vp,0.0409,0.0048,Belarusian,modern
Est400,0.0453,0.0026,Estonian,modern
Mordovians22,0.0412,0.0116,Mordovian,modern
bel23s,0.0466,7.00E-04,Belarusian,modern
belarusian47zp,0.0438,2.00E-04,Belarusian,modern
UkrLv228,0.0363,0.002,Ukrainian,modern
Est397,0.0469,-0.002,Estonian,modern
Mordovians32,0.0424,0.0121,Mordovian,modern
bel82s,0.0427,-4.00E-04,Belarusian,modern
UkrBel614,0.0405,0.0071,Ukrainian,modern
UkrLv237,0.0374,-5.00E-04,Ukrainian,modern
Est394,0.0471,-0.001,Estonian,modern
Mordovians5,0.0433,0.008,Mordovian,modern
saudi1403,-0.0624,-0.0318,Saudi,modern
NA15202,0.0351,-0.0069,Hungarian,modern
NA15725,0.0372,-0.0059,Czech,modern
NA15733,0.0373,5.00E-04,Czech,modern
NA15762,0.0423,-0.0042,Icelandic,modern
NA17373,0.009,-0.005,Greek,modern
NA15203,0.0343,-0.0022,Hungarian,modern
NA15726,0.035,-0.0038,Czech,modern
NA15755,0.0457,-0.0131,Icelandic,modern
NA15763,0.0426,-0.0057,Icelandic,modern
NA17374,-0.0167,0.0254,Greek,modern
NA15204,0.0293,0,Hungarian,modern
NA15727,0.0371,-0.006,Czech,modern
NA15756,0.0412,-0.0097,Icelandic,modern
NA15764,0.0383,-0.0068,Icelandic,modern
NA17375,-7.00E-04,0.0049,Greek,modern
NA15205,0.0338,-0.0054,Hungarian,modern
NA15728,0.0352,-0.0048,Czech,modern
NA15757,0.0398,-0.0055,Icelandic,modern
NA15765,0.0435,-0.0091,Icelandic,modern
NA17376,-0.0105,0.0086,Greek,modern
NA13626,-0.0016,0.048,Adygei,modern
NA15206,0.0312,-0.0048,Hungarian,modern
NA15729,0.0348,-0.0047,Czech,modern
NA15758,0.0393,-0.0042,Icelandic,modern
NA15766,0.0417,-0.0059,Icelandic,modern
NA17377,0.0113,0.0025,Greek,modern
NA15199,0.0335,-0.0042,Hungarian,modern
NA15207,0.0306,0.0019,Hungarian,modern
NA15730,0.034,-0.0049,Czech,modern
NA15759,0.042,-0.0066,Icelandic,modern
NA13619,-0.0012,0.0552,Ignore_Adygei(relative_of_HGDP01382),modern
NA15200,0.0343,-0.005,Hungarian,modern
NA15208,0.033,-0.0059,Hungarian,modern
NA15731,0.0385,-0.0035,Czech,modern
NA15760,0.0422,-0.0052,Icelandic,modern
NA15201,0.0317,-0.0028,Hungarian,modern
NA15724,0.0386,-0.003,Czech,modern
NA15732,0.0392,-0.0017,Czech,modern
NA15761,0.0434,-0.0056,Icelandic,modern
NA17372,0.0022,0.0012,Greek,modern
HG00103,0.0395,-0.008,Scottish,modern
HG00104,0.0355,-0.0036,Scottish,modern
HG00105,0.0396,-0.0103,Scottish,modern
HG00106,0.0395,-0.0053,Scottish,modern
HG00128,0.036,-0.0099,English,modern
HG00129,0.0382,-0.0111,English,modern
HG00130,0.0339,-0.0082,English,modern
HG00131,0.034,-0.0084,English,modern
HG00233,0.0361,-0.0142,English,modern
HG00234,0.0377,-0.0092,English,modern
HG00232,0.0348,-0.0078,English,modern
HG01500,0.0154,-0.024,Spanish,modern
HG01501,0.0157,-0.0223,Spanish,modern
HG01503,0.0206,-0.0217,Spanish,modern
HG01504,0.0158,-0.0273,Spanish,modern
HG01506,0.0189,-0.0224,Spanish,modern
HG01507,0.0205,-0.0225,Spanish,modern
HG01509,0.0129,-0.025,Spanish,modern
HG01510,0.0197,-0.0221,Spanish,modern
HG01512,0.0257,-0.0241,Spanish,modern
HG01513,0.0248,-0.0259,Spanish,modern
HG01515,0.0298,-0.0291,Spanish_North,modern
HG01516,0.0322,-0.0314,Spanish_North,modern
HG01518,0.0315,-0.0296,Spanish_North,modern
HG01524,0.0174,-0.0238,Spanish,modern
HG01527,0.0128,-0.0226,Spanish,modern
HG01528,0.0172,-0.0262,Spanish,modern
HG01530,0.0192,-0.022,Spanish,modern
HG01536,0.0238,-0.0213,Spanish,modern
HG01537,0.0221,-0.0179,Spanish,modern
HG01605,0.0218,-0.0221,Spanish,modern
HG01606,0.0235,-0.024,Spanish,modern
HG01607,0.0165,-0.0194,Spanish,modern
HG01608,0.0202,-0.0223,Spanish,modern
HG01613,0.0213,-0.0181,Spanish,modern
HG01615,0.0217,-0.0173,Spanish,modern
HG01617,0.0176,-0.0217,Spanish,modern
HG01618,0.0187,-0.0194,Spanish,modern
HG01619,0.016,-0.0237,Spanish,modern
HG01620,0.0166,-0.0214,Spanish,modern
HG01623,0.0164,-0.0261,Spanish,modern
HG01624,0.0159,-0.0255,Spanish,modern
HG01625,0.0201,-0.0185,Spanish,modern
HG01626,0.0094,-0.0144,Spanish,modern
HG00171,0.0519,0.0073,Finnish,modern
HG00174,0.0452,2.00E-04,Finnish,modern
HG00190,0.0452,6.00E-04,Finnish,modern
HG00266,0.0461,0.004,Finnish,modern
HG00231,0.0351,-0.0036,English,modern
HG00183,0.0442,0.0097,Finnish,modern
HG00126,0.0382,-0.0093,English,modern
HG00173,0.0494,0.0053,Finnish,modern
HG00182,0.0476,0.0081,Finnish,modern
HG01747,0.0208,-0.0211,Spanish,modern
HG01746,0.0226,-0.0242,Spanish,modern
HG01675,0.0228,-0.027,Spanish,modern
HG01680,0.0231,-0.0246,Spanish,modern
HG01682,0.0248,-0.0238,Spanish,modern
HG01700,0.0317,-0.0303,Spanish_North,modern
HG01679,0.0218,-0.0244,Spanish,modern
HG01702,0.0319,-0.0344,Spanish_North,modern
HG01676,0.0266,-0.0294,Spanish,modern
HG01684,0.0235,-0.0243,Spanish,modern
HG01705,0.0176,-0.0235,Spanish,modern
HG01707,0.0193,-0.0214,Spanish,modern
HG01685,0.0155,-0.0196,Spanish,modern
HG01686,0.0205,-0.0259,Spanish,modern
HG01704,0.0121,-0.0217,Spanish,modern
HG01673,0.021,-0.0205,Spanish,modern
HG01695,0.0077,-0.0269,Canary_Islander,modern
HG01694,0.0057,-0.0234,Canary_Islander,modern
HG01761,0.0222,-0.0249,Spanish,modern
HG01770,0.0194,-0.0241,Spanish,modern
HG01762,0.0252,-0.0235,Spanish,modern
HG01773,0.0228,-0.0245,Spanish,modern
HG02220,0.0209,-0.0161,Spanish,modern
HG02238,0.0192,-0.0286,Spanish,modern
HG01678,0.0214,-0.0263,Spanish,modern
HG01699,0.0156,-0.0248,Spanish,modern
HG01697,0.0162,-0.0205,Spanish,modern
HG00160,0.038,-0.0076,English,modern
LibyanJew1438,-0.0316,-0.0147,Jew_Libyan,modern
Malta4AM91,-0.0051,-0.0062,Maltese,modern
Malta8AM91,-0.0053,-0.0093,Maltese,modern
CRO53,0.0291,-0.0044,Croatian,modern
AshkenaziJew5779,-0.0086,-0.0027,Jew_Ashkenazi,modern
SephardiJewTurkey4955,-0.0145,-0.0024,Jew_Turkish,modern
NOR119,0.0402,-0.0065,Norwegian,modern
NOR124,0.0403,-0.0065,Norwegian,modern
CRO103,0.0272,-0.0018,Croatian,modern
CRO107,0.0285,0.001,Croatian,modern
TunisianJew1421,-0.0274,-0.0088,Jew_Tunisian,modern
SephardiJewTurkey5877,-0.0131,3.00E-04,Jew_Turkish,modern
TP08,-7.00E-04,-0.0045,Sicilian,modern
GREEKGRALPOP18,0.0105,-0.0028,Greek,modern
AshkenaziJew5782,-0.0053,-0.0019,Jew_Ashkenazi,modern
BEL57,-0.0035,-0.0023,Italian_South,modern
BAS35,0.0355,-0.0354,Basque,modern
SR23,-0.0012,-8.00E-04,Sicilian,modern
CRO47,0.0323,-0.006,Croatian,modern
NOR106,0.0372,-0.0057,Norwegian,modern
CRO41,0.029,-0.0013,Croatian,modern
Malta7AM91,-0.0093,-0.0104,Maltese,modern
SephardiJewTurkey4953,-0.0189,-0.0087,Jew_Turkish,modern
SephardiJewTurkey6077,-0.0171,-0.0068,Jew_Turkish,modern
NOR101,0.0393,-0.0094,Norwegian,modern
SephardiJewTurkey5832,-0.0181,-8.00E-04,Jew_Turkish,modern
YemeniteJew4684,-0.0534,-0.0109,Jew_Yemenite,modern
TP05,-0.0058,-0.0071,Sicilian,modern
Kayseri24392,-0.0108,0.0218,Turkish,modern
YemeniteJew4695,-0.0564,-0.0158,Jew_Yemenite,modern
SR60,-0.006,-0.005,Sicilian,modern
NOR146,0.0404,-0.0066,Norwegian,modern
TP06,1.00E-04,-0.0061,Sicilian,modern
NOR108,0.0425,-0.0088,Norwegian,modern
CRO66,0.024,7.00E-04,Croatian,modern
IranianJew1409,-0.0268,0.0259,Jew_Iranian,modern
NOR126,0.0414,-0.0085,Norwegian,modern
SephardiJewTurkey5075,-0.0115,-0.0026,Jew_Turkish,modern
GREEKGRALPOP13,0.0078,-0.0032,Greek,modern
TP07,-0.0072,-0.0061,Sicilian,modern
BAS31,0.0347,-0.0372,Basque,modern
ALB191,0.0138,0.0035,Albanian,modern
GREEKGRALPOP15,0.0119,0.0022,Greek,modern
SephardiJewTurkey4950,-0.0109,-5.00E-04,Jew_Turkish,modern
NOR107,0.043,-0.0058,Norwegian,modern
SephardiJewTurkey5033,-0.0153,-0.0057,Jew_Turkish,modern
GREEKGRALPOP5,0.009,6.00E-04,Greek,modern
YemeniteJew4675,-0.0522,-0.0089,Jew_Yemenite,modern
CRO153,0.0263,-0.001,Croatian,modern
NOR109,0.0435,-0.0084,Norwegian,modern
SouthFrench3326,0.033,-0.0272,French,modern
GREEKGRALPOP9,0.0114,-7.00E-04,Greek,modern
TP04,9.00E-04,-0.0071,Sicilian,modern
CRO31,0.0281,-0.0038,Croatian,modern
TP25,-0.0022,-0.0058,Sicilian,modern
GREEKGRALPOP4,0.0061,-3.00E-04,Greek,modern
LibyanJew1601,-0.0272,-0.0096,Jew_Libyan,modern
CRO93,0.0279,-0.0037,Croatian,modern
Malta17AM91,-0.0074,-0.0108,Maltese,modern
SouthFrench3947,0.0289,-0.0276,French,modern
SouthFrench1323,0.0312,-0.0282,French,modern
SR48R,-0.0022,-0.0036,Sicilian,modern
Balikesir16675,-0.005,0.0277,Turkish_Balikesir,modern
YemeniteJew4938,-0.0531,-0.011,Jew_Yemenite,modern
SR44,-0.003,-0.0061,Sicilian,modern
SR64,-0.0033,-0.0038,Sicilian,modern
NOR148,0.044,-0.0049,Norwegian,modern
IraqiJew4061,-0.0291,0.0169,Jew_Iraqi,modern
CYP19,-0.0173,0.005,Cypriot,modern
CRO48,0.0284,-0.0018,Croatian,modern
GREEKGRALPOP17,0.0115,-3.00E-04,Greek,modern
ALB213,0.0097,5.00E-04,Albanian,modern
Turkish7BA57,-0.0026,0.0216,Turkish,modern
BAS22,0.0343,-0.0376,Basque,modern
GREEKGRALPOP16,0.0073,-0.001,Greek,modern
LibyanJew1104,-0.026,-0.0076,Jew_Libyan,modern
Balikesir16790,-0.0054,0.0334,Turkish_Balikesir,modern
NOR111,0.041,-0.0085,Norwegian,modern
SouthFrench3951,0.0275,-0.0335,French,modern
BAS25,0.0343,-0.0355,Basque,modern
BAS32,0.0315,-0.0369,Basque,modern
GREEKGRALPOP11,0.0103,0.0012,Greek,modern
GREEKGRALPOP10,0.0082,0.0029,Greek,modern
Malta2AM91,-0.0113,4.00E-04,Maltese,modern
GREEKGRALPOP3,0.0113,-0.003,Greek,modern
Malta16AM91,-0.0116,-0.0103,Maltese,modern
GREEKGRALPOP8,0.0126,3.00E-04,Greek,modern
IranianJew1132,-0.0281,0.0217,Jew_Iranian,modern
MoroccanJew5126,-0.0186,-0.0108,Jew_Moroccan,modern
Turkish8BA62,0.0039,0.0166,Turkish,modern
LibyanJew1462,-0.025,-0.0101,Jew_Libyan,modern
CYP5,-0.019,0.0082,Cypriot,modern
SouthFrench3068,0.0307,-0.0285,French,modern
Cyprus13AJ19,-0.0103,0.0056,Cypriot,modern
TunisianJew1763,-0.0295,-0.0142,Jew_Tunisian,modern
Malta15AM91,-0.0058,-0.006,Maltese,modern
MoroccanJew4634,-0.0193,-0.0055,Jew_Moroccan,modern
LibyanJew1263,-0.0286,-0.0142,Jew_Libyan,modern
Istanbul20010,-0.0134,0.0295,Turkish,modern
BAS30,0.0342,-0.043,Basque,modern
Cyprus24AJ19,-0.0185,0.0055,Cypriot,modern
YemeniteJew4667,-0.0585,-0.02,Jew_Yemenite,modern
TunisianJew1507,-0.0324,-0.0139,Jew_Tunisian,modern
IraqiJew4241,-0.03,0.0196,Jew_Iraqi,modern
TunisianJew1544,-0.0233,-0.008,Jew_Tunisian,modern
AshkenaziJew5783,-0.0025,-8.00E-04,Jew_Ashkenazi,modern
Turkish4BA57,-0.005,0.0229,Turkish,modern
AshkenaziJew5704,-0.0067,1.00E-04,Jew_Ashkenazi,modern
MoroccanJew4789,-0.0189,-0.0061,Jew_Moroccan,modern
IranianJew1159,-0.0293,0.023,Jew_Iranian,modern
MoroccanJew5168,-0.0196,-0.0071,Jew_Moroccan,modern
IranianJew1513,-0.0284,0.0238,Jew_Iranian,modern
AshkenaziJew5728,-0.0032,-0.001,Jew_Ashkenazi,modern
ALB202,0.0108,0.0035,Albanian,modern
YemeniteJew4960,-0.0527,-0.0166,Jew_Yemenite,modern
GREEKGRALPOP12,0.0067,0.0045,Greek,modern
SouthFrench1112,0.0279,-0.028,French,modern
AshkenaziJew5790,-0.0043,-0.0092,Jew_Ashkenazi,modern
CYP2,-0.0176,0.0055,Cypriot,modern
GeorgianJew1607,-0.0218,0.0279,Jew_Georgian,modern
GeorgianJew1671,-0.0226,0.0261,Jew_Georgian,modern
Cyprus2AJ19,-0.0303,0.0055,Cypriot,modern
Adana23114,-0.0144,0.0265,Turkish,modern
GREEKGRALPOP14,0.0072,-0.0029,Greek,modern
IranianJew1556,-0.0271,0.02,Jew_Iranian,modern
TunisianJew1170,-0.0261,-0.0115,Jew_Tunisian,modern
TunisianJew1531,-0.0263,-0.0129,Jew_Tunisian,modern
SouthFrench4018,0.0306,-0.0305,French,modern
Trabzon21177,-0.0196,0.0325,Turkish,modern
GeorgianJew1577,-0.0206,0.026,Jew_Georgian,modern
BAS28,0.0348,-0.0365,Basque,modern
Aydin18784,-0.0073,0.0237,Turkish,modern
IraqiJew1417,-0.0297,0.0191,Jew_Iraqi,modern
Istanbul19810,-0.0066,0.03,Turkish,modern
Trabzon21557,-0.0196,0.0305,Turkish,modern
LibyanJew1611,-0.0251,-0.0126,Jew_Libyan,modern
IranianJew1557,-0.0209,0.0272,Jew_Iranian,modern
GeorgianJew1971,-0.0205,0.0247,Jew_Georgian,modern
GeorgianJew1594,-0.0227,0.0279,Jew_Georgian,modern
MoroccanJew4692,-0.0212,-0.0092,Jew_Moroccan,modern
ALB212,0.01,-0.0046,Albanian,modern
IraqiJew1771,-0.0276,0.0166,Jew_Iraqi,modern
YemeniteJew5433,-0.0548,-0.0152,Jew_Yemenite,modern
ALB220,0.0061,-0.002,Albanian,modern
Cyprus22AJ19,-0.017,3.00E-04,Cypriot,modern
YemeniteJew4937,-0.0556,-0.0095,Jew_Yemenite,modern
Malta12AM91,-0.0086,-0.0107,Maltese,modern
Trabzon21534,-0.0171,0.0277,Turkish,modern
LibyanJew1605,-0.0271,-0.0119,Jew_Libyan,modern
BAS27,0.0335,-0.036,Basque,modern
Cyprus21AJ19,-0.0237,0.0081,Cypriot,modern
TunisianJew1511,-0.0258,-0.0108,Jew_Tunisian,modern
Turkish9BA57,-0.0099,0.0297,Turkish,modern
Kayseri24075,-0.0134,0.0267,Turkish,modern
IraqiJew4291,-0.0302,0.0163,Jew_Iraqi,modern
ALB230,0.0124,-0.0028,Albanian,modern
Adana23108,-0.0274,0.0091,Turkish,modern
IranianJew1143,-0.0306,0.022,Jew_Iranian,modern
MoroccanJew4683,-0.0189,-0.0072,Jew_Moroccan,modern
Balikesir16887,-0.0042,0.0284,Turkish_Balikesir,modern
IranianJew1832,-0.0263,0.0226,Jew_Iranian,modern
GeorgianJew1654,-0.0248,0.0252,Jew_Georgian,modern
BAS33,0.0318,-0.0359,Basque,modern
GeorgianJew1883,-0.0223,0.0275,Jew_Georgian,modern
LibyanJew1639,-0.0296,-0.0095,Jew_Libyan,modern
LibyanJew1659,-0.0291,-0.0156,Jew_Libyan,modern
Kayseri24266,-0.0107,0.028,Turkish,modern
Balikesir16653,-0.0066,0.0357,Turkish_Balikesir,modern
Istanbul25095,0.0147,0.0117,Turkish,modern
Aydin18112,-0.0093,0.0268,Turkish,modern
Kayseri24402,-0.0093,0.0232,Turkish,modern
Istanbul25081,-0.0035,0.0224,Turkish,modern
Aydin18596,-0.0049,0.0336,Turkish,modern
Istanbul17778,-0.0109,0.0364,Turkish,modern
IraqiJew1430,-0.0301,0.0194,Jew_Iraqi,modern
Istanbul15781,0.0051,0.009,Turkish,modern
Adana23136,-0.0254,0.0091,Turkish,modern
AshkenaziJew5788,-0.0054,-0.002,Jew_Ashkenazi,modern
Adana23113,-0.0153,0.0381,Turkish,modern
Trabzon21575,-0.016,0.0324,Turkish,modern
Aydin18636,-0.0085,0.0274,Turkish,modern
Istanbul20040,-0.0171,0.0334,Turkish,modern
Balikesir16837,9.00E-04,0.033,Ignore_Turkish_Balikesir(PCA_outlier_vs_rest),modern
Adana23144,-0.0138,0.0335,Turkish,modern
Kayseri23967,-0.0117,0.0307,Turkish,modern
IranianJew1845,-0.0294,0.0225,Jew_Iranian,modern
Trabzon21174,-0.0144,0.0321,Turkish,modern
Aydin18873,-0.0035,0.0223,Turkish,modern
Kayseri23892,-0.0142,0.0254,Turkish,modern
Istanbul19185,-0.0069,0.0281,Turkish,modern
Istanbul25098,0.0157,0.0021,Turkish,modern
Adana23133,-0.0161,0.0233,Turkish,modern
Trabzon21515,-0.0146,0.0264,Turkish,modern
Kayseri24032,-0.0136,0.0262,Turkish,modern
Kayseri23549,-0.0147,0.0295,Turkish,modern
Trabzon21544,-0.0171,0.0328,Turkish,modern
Adana23150,-0.0043,0.0212,Turkish,modern
Kayseri23271,-0.0139,0.0257,Turkish,modern
Trabzon21645,-0.0134,0.0331,Turkish,modern
Adana23147,-0.0186,0.0136,Turkish,modern
Aydin18483,-0.0085,0.0383,Turkish,modern
Balikesir17006,-0.0043,0.0319,Turkish_Balikesir,modern
Aydin18419,-0.0042,0.0276,Turkish,modern
Kayseri24276,-0.0167,0.0271,Turkish,modern
Istanbul19708,-0.0106,0.0355,Turkish,modern
Trabzon21173,-0.0182,0.0352,Turkish,modern
Adana23112,-0.0121,0.0275,Turkish,modern
Adana23117,-0.0121,0.0251,Turkish,modern
I0797,-0.0053,-0.0396,Neolithic,North Central
I0795,-1.00E-04,-0.0449,Neolithic,North Central
I0176,-0.0028,-0.0331,Neolithic,South Central
I0174,-0.0048,-0.0414,Neolithic,South Central
I0022,-0.0084,-0.039,Neolithic,South Central
I0026,-0.0092,-0.0383,Neolithic,South Central
I1508,-0.0159,-0.0365,Neolithic,South Central
I1496,-0.0032,-0.0412,Neolithic,South Central
NE1.SG,-0.0032,-0.0407,Neolithic,South Central
I0025,-0.0059,-0.0406,Neolithic,South Central
I0054,1.00E-04,-0.0348,Neolithic,North Central
NE6.SG,-0.0088,-0.0428,Neolithic,South Central
I1904,-0.0099,-0.0344,Neolithic,South Central
I1876,-0.0055,-0.0405,Neolithic,South Central
I1882,4.00E-04,-0.0349,Neolithic,South Central
I1883,0.0073,-0.0417,Neolithic,South Central
I2355,1.00E-04,-0.0412,Neolithic,South Central
I2357,0.0021,-0.0375,Neolithic,South Central
I2374,-0.011,-0.037,Neolithic,South Central
I0056,-0.0016,-0.0426,Neolithic,North Central
I0100,-0.0011,-0.0403,Neolithic,North Central
I2014,-0.0051,-0.0313,Neolithic,North Central
I2020,-0.0016,-0.0403,Neolithic,North Central
I2022,-0.0043,-0.042,Neolithic,North Central
I3536,-0.0085,-0.0381,Neolithic,South Central
I4181,-0.0111,-0.0244,Neolithic,South Central
I4196,-0.0083,-0.0374,Neolithic,South Central
I0018,-0.0036,-0.0354,Neolithic,South Central
I4972,0.0218,-4.00E-04,Neolithic,South Central
I5068,-0.0054,-0.0411,Neolithic,South Central
I5069,-0.0086,-0.0395,Neolithic,South Central
I5070,-0.0051,-0.0377,Neolithic,South Central
I5204,-0.0029,-0.0395,Neolithic,South Central
I5205,-0.0046,-0.0344,Neolithic,South Central
I5206,-0.0042,-0.0354,Neolithic,South Central
I2794,-0.0102,-0.0396,Neolithic,South Central
I5207,-0.0031,-0.0382,Neolithic,South Central
I5208,-0.0065,-0.038,Neolithic,South Central
I2373,-0.0024,-0.0367,Neolithic,South Central
I6913_published,0.0654,-0.0352,Neolithic,South Central
I6912_all_published,0.0081,-0.0315,Neolithic,South Central
I2739_published,-0.0087,-0.0376,Neolithic,South Central
I1878_published,-7.00E-04,-0.0369,Neolithic,South Central
I0046_published,-0.0011,-0.0379,Neolithic,North Central
I0659_published,-0.0028,-0.0374,Neolithic,North Central
I0048_published,-0.008,-0.0293,Neolithic,North Central
I1550_published,-0.0053,-0.0351,Neolithic,North Central
I0821_published,-0.0024,-0.0373,Neolithic,North Central
I0057_published,-0.0043,-0.0374,Neolithic,North Central
I2005_published,-0.0111,-0.0426,Neolithic,North Central
I2008_published,-7.00E-04,-0.0338,Neolithic,North Central
I2016_published,-0.0071,-0.042,Neolithic,North Central
I2017_published,-0.0115,-0.0447,Neolithic,North Central
I2021_published,-0.0092,-0.0356,Neolithic,North Central
I2026_published,-0.0086,-0.0334,Neolithic,North Central
I2029_published,-0.0064,-0.037,Neolithic,North Central
I2030_published,-0.0047,-0.0321,Neolithic,North Central
I2032_published,-0.0053,-0.0352,Neolithic,North Central
I2036_published,-0.006,-0.0339,Neolithic,North Central
I2037_published,-0.0051,-0.0375,Neolithic,North Central
I2038_published,-0.0083,-0.0391,Neolithic,North Central
I1880,-0.0169,-0.0424,Neolithic,South Central
I2357,-7.00E-04,-0.0391,Neolithic,South Central
HBS002,-0.0018,-0.0412,Neolithic,North Central
HBS004,-0.0042,-0.032,Neolithic,North Central
HBS005,-0.0033,-0.0377,Neolithic,North Central
HBS006,-0.0031,-0.0348,Neolithic,North Central
HBS007,-0.0074,-0.0409,Neolithic,North Central
HBS008,-0.0073,-0.0375,Neolithic,North Central
HBS009,-0.0056,-0.0362,Neolithic,North Central
SCH001,-0.0053,-0.0306,Neolithic,South Central
SCH004,-0.0019,-0.0429,Neolithic,South Central
SCH007,3.00E-04,-0.0307,Neolithic,South Central
SCH009,-0.0037,-0.0321,Neolithic,South Central
SCH010,-0.0044,-0.0347,Neolithic,South Central
SCH011,-0.0026,-0.0292,Neolithic,South Central
SCH014,-0.0032,-0.031,Neolithic,South Central
SCH015,0.0029,-0.0361,Neolithic,South Central
SCH016,-0.0095,-0.0345,Neolithic,South Central
SCH018,-0.0071,-0.0415,Neolithic,South Central
SMH004,-0.0073,-0.0394,Neolithic,South Central
XN164,-0.0059,-0.035,Neolithic,South Central
XN165,-0.009,-0.0323,Neolithic,South Central
XN166,-0.0093,-0.0391,Neolithic,South Central
XN167,-0.008,-0.0332,Neolithic,South Central
XN168,-0.0042,-0.0333,Neolithic,South Central
XN169,-0.0071,-0.0382,Neolithic,South Central
XN170,-0.0033,-0.0349,Neolithic,South Central
XN171,-0.0086,-0.0343,Neolithic,South Central
XN172,-0.0027,-0.0361,Neolithic,South Central
XN173,-0.0014,-0.037,Neolithic,South Central
XN174,-0.0039,-0.0341,Neolithic,South Central
XN175,-0.0079,-0.033,Neolithic,South Central
XN178,-0.0088,-0.0329,Neolithic,South Central
XN180,-0.0033,-0.0374,Neolithic,South Central
XN182,-0.004,-0.0376,Neolithic,South Central
XN183,0.002,-0.0377,Neolithic,South Central
XN188,-0.0049,-0.036,Neolithic,South Central
XN191,0.0018,-0.0259,Neolithic,South Central
XN205,-0.0057,-0.0321,Neolithic,South Central
XN206,0.0048,-0.0349,Neolithic,South Central
XN207,-0.0046,-0.0409,Neolithic,South Central
XN211,2.00E-04,-0.0361,Neolithic,South Central
XN215,-0.0046,-0.022,Neolithic,South Central
XN224,-7.00E-04,-0.0365,Neolithic,South Central
XN225,-0.0086,-0.0382,Neolithic,South Central
DER002,-0.0046,-0.0361,Neolithic,North Central
DER003,-0.0022,-0.0391,Neolithic,North Central
DER004,-0.0033,-0.0323,Neolithic,North Central
DER005,-0.0044,-0.0387,Neolithic,North Central
DER006,-0.0048,-0.0407,Neolithic,North Central
DER007,-0.0066,-0.0373,Neolithic,North Central
DER009,-5.00E-04,-0.0355,Neolithic,North Central
DER010,-0.0043,-0.0371,Neolithic,North Central
DER011,-0.0041,-0.0393,Neolithic,North Central
DER012,-0.0041,-0.034,Neolithic,North Central
DER013,-0.0055,-0.0374,Neolithic,North Central
DER014,0.0011,-0.0391,Neolithic,North Central
DER015,-0.0021,-0.042,Neolithic,North Central
DER017,-0.0032,-0.0392,Neolithic,North Central
DER018,-0.0066,-0.037,Neolithic,North Central
DER019,0.0015,-0.0334,Neolithic,North Central
DER020,5.00E-04,-0.0317,Neolithic,North Central
DER021,-0.0057,-0.0383,Neolithic,North Central
DER022,-0.0056,-0.0365,Neolithic,North Central
DER023,-0.0051,-0.0351,Neolithic,North Central
DER024,-0.0088,-0.0387,Neolithic,North Central
DER026,-0.0033,-0.038,Neolithic,North Central
DER028,-0.0028,-0.0363,Neolithic,North Central
DER030,-0.0021,-0.0372,Neolithic,North Central
DER031,-0.0025,-0.024,Neolithic,North Central
DER032,-0.0042,-0.0339,Neolithic,North Central
DER033,-0.0046,-0.0393,Neolithic,North Central
DER034,-0.0043,-0.0325,Neolithic,North Central
DER035,-0.0032,-0.0344,Neolithic,North Central
DER036,-0.0049,-0.0322,Neolithic,North Central
DER037,-0.0045,-0.031,Neolithic,North Central
Bar31.SG,-0.021,-0.0351,Neolithic,anatoliaEF
Bar8.SG,-0.0136,-0.0317,Neolithic,anatoliaEF
Klei10.SG,-0.0181,-0.0327,Neolithic,balkan
Pal7.SG,-0.0177,-0.0382,Neolithic,balkan
Iboussieres25-1,0.0697,-0.0737,Mesolithic,HG
Rochedane_published,0.0831,-0.0666,Mesolithic,HG
ANI152,-7.00E-04,-0.0197,Neolithic,balkan
ANI153,0.0085,-0.0156,Neolithic,balkan
ANI160,0.001,-0.0311,Neolithic,balkan
ANI159-ANI181,6.00E-04,-0.0306,Neolithic,balkan
I2199,0.0029,-0.0531,Neolithic,mediterranean
I2427,-0.0031,-0.0273,Neolithic,balkan
I2431,0.0049,-0.0297,Neolithic,balkan
I0785,-0.0099,-0.0334,Neolithic,balkan
I0781,-0.0065,-0.0277,Neolithic,balkan
I0409,0.0083,-0.0546,Neolithic,mediterranean
I0411,0.0045,-0.055,Neolithic,mediterranean
I1100,-0.0103,-0.0377,Neolithic,anatoliaEF
I1102,-0.0132,-0.032,Neolithic,anatoliaEF
I1099,-0.0117,-0.0316,Neolithic,anatoliaEF
I1103,-0.0161,-0.0257,Neolithic,anatoliaEF
I1101,-0.0144,-0.0381,Neolithic,anatoliaEF
I1097,-0.0119,-0.0354,Neolithic,anatoliaEF
I0744,-0.0154,-0.0326,Neolithic,anatoliaEF
I1096,-0.011,-0.0327,Neolithic,anatoliaEF
I1098,-0.0133,-0.0295,Neolithic,anatoliaEF
I0708,-0.0145,-0.0208,Neolithic,anatoliaEF
I0745,-0.0124,-0.0327,Neolithic,anatoliaEF
I0707,-0.0132,-0.0334,Neolithic,anatoliaEF
I0709,-0.0113,-0.0334,Neolithic,anatoliaEF
I0736,-0.0134,-0.033,Neolithic,anatoliaEF
I0412,9.00E-04,-0.0466,Neolithic,mediterranean
I0410,0.007,-0.0528,Neolithic,mediterranean
I0413,0.0091,-0.0504,Neolithic,mediterranean
Villabruna,0.0775,-0.0766,Mesolithic,HG
CB13.SG,0.0014,-0.0535,Neolithic,mediterranean
I2158_published,0.093,-0.0727,Mesolithic,HG
I3498,-0.0139,-0.0351,Neolithic,balkan
I3879,-0.0124,-0.0412,Neolithic,balkan
I4088,0.0022,-0.0319,Neolithic,balkan
I4167,-0.0012,-0.0344,Neolithic,balkan
I4168,-0.0058,-0.0392,Neolithic,balkan
I1972,0.0049,-0.051,Neolithic,mediterranean
I2509,-0.005,-0.0342,Neolithic,balkan
I2519,-0.0071,-0.0274,Neolithic,balkan
I2532,-0.0095,-0.035,Neolithic,balkan
I2533,-0.0087,-0.0387,Neolithic,balkan
I0700,0.0288,-0.0342,Neolithic,balkan
I0704_published,-0.0136,-0.0332,Neolithic,balkan
I0706,0.008,-0.0331,Neolithic,balkan
I1108,0.028,-0.0329,Neolithic,balkan
I1109,0.0012,-0.0386,Neolithic,balkan
I1113,0.0193,-0.0329,Neolithic,balkan
I1295,0.009,-0.0333,Neolithic,balkan
I1296_published,0.0137,-0.0293,Neolithic,balkan
I1297,0.0195,-0.042,Neolithic,balkan
I2181_published,0.0277,-0.008,Neolithic,balkan
I2215_published,0.0123,-0.0248,Neolithic,balkan
I2216_published,-0.0059,-0.0369,Neolithic,balkan
I2423,-0.0035,-0.0329,Neolithic,balkan
I2424,-6.00E-04,-0.0283,Neolithic,balkan
I2425,0.001,-0.0249,Neolithic,balkan
I2426_published,-0.0057,-0.0478,Neolithic,balkan
I2430,7.00E-04,-0.0288,Neolithic,balkan
I2526,-0.0057,-0.0359,Neolithic,balkan
I1875,0.0923,-0.062,Mesolithic,HG
I5071,-0.0072,-0.0386,Neolithic,balkan
I5072,-0.0114,-0.0462,Neolithic,balkan
I5077,-0.0089,-0.041,Neolithic,balkan
I5078,-0.0068,-0.0409,Neolithic,balkan
I2521,-0.0085,-0.0359,Neolithic,balkan
I2529_published,-0.0083,-0.0291,Neolithic,balkan
I2937_all,-0.0152,-0.0356,Neolithic,balkan
I5427,-0.0149,-0.0362,Neolithic,balkan
I3209,0.0725,-0.0554,Neolithic,HG
I0698_published,-0.0073,-0.0363,Neolithic,balkan
Chan.SG,0.0638,-0.0513,Mesolithic,HG
I4062,-0.0015,-0.0378,Neolithic,mediterranean
I4065,0.0064,-0.0411,Neolithic,mediterranean
I3708,-0.0147,-0.0306,Neolithic,balkan
I4063,0.0015,-0.0411,Neolithic,mediterranean
Ranchot88_published_d,0.076,-0.0803,Mesolithic,HG
I7550,0.0184,-0.0538,Neolithic,mediterranean
I10942,0.0091,-0.0467,Neolithic,mediterranean
I8130,0.0724,-0.0557,Mesolithic,HG
atp005.SG,0.0019,-0.0579,Neolithic,mediterranean
mur.SG,0.0053,-0.0529,Neolithic,mediterranean
I8134,0.012,-0.056,Neolithic,mediterranean
I4064,-9.00E-04,-0.0418,Neolithic,mediterranean
TOR.11.SG,-0.0125,-0.0637,Neolithic,mediterranean
TOR.6.SG,0.0127,-0.0534,Neolithic,mediterranean
TOR.7.SG,0.01,-0.0446,Neolithic,mediterranean
TOR.8.SG,0.0072,-0.0438,Neolithic,mediterranean
BAL051_merged,0.074,-0.0558,Mesolithic,HG
CHA001_merged,0.0079,-0.0494,Neolithic,mediterranean
CHA002_merged,0.0096,-0.05,Neolithic,mediterranean
CHA003_merged,0.0098,-0.0518,Neolithic,mediterranean
CHA004.A0102,0.0132,-0.0519,Neolithic,mediterranean
CMS001_merged,0.0629,-0.0507,Mesolithic,HG
FUC003_merged,0.0063,-0.0499,Neolithic,mediterranean
R1014.SG,0.0089,-0.0429,Neolithic,mediterranean
R10.SG,-0.0057,-0.0329,Neolithic,mediterranean
R11.SG,0.0976,-0.077,Mesolithic,HG
R15.SG,0.1008,-0.0823,Mesolithic,HG
R16.SG,0.0015,-0.0404,Neolithic,mediterranean
R17.SG,-0.0012,-0.0371,Neolithic,mediterranean
R18.SG,-0.0053,-0.032,Neolithic,mediterranean
R19.SG,-0.0027,-0.0333,Neolithic,mediterranean
R2.SG,-0.005,-0.0394,Neolithic,mediterranean
R3.SG,-0.0053,-0.0375,Neolithic,mediterranean
R6.SG,0.0156,-0.0503,Neolithic,mediterranean
R7.SG,0.1004,-0.0775,Mesolithic,HG
R8.SG,-0.0078,-0.0319,Neolithic,mediterranean
R9.SG,-0.0085,-0.0343,Neolithic,mediterranean
I1579_published,-0.0117,-0.0341,Neolithic,anatoliaEF
I1581_published,-0.0182,-0.041,Neolithic,anatoliaEF
I1580_published,-0.0131,-0.0317,Neolithic,anatoliaEF
I1585_published,-0.0117,-0.0321,Control,NA
I0854_published,-0.0139,-0.0354,Neolithic,anatoliaEF
I1298_published,-0.0089,-0.0392,Mesolithic,balkan
LON003,0.0106,-0.056,Neolithic,mediterranean
MA79,-0.0102,-0.0618,Neolithic,mediterranean
NOE001,0.0113,-0.0453,Neolithic,mediterranean
NOE002,0.0201,-0.0531,Neolithic,mediterranean
SID005,0.0099,-0.0526,Neolithic,mediterranean
PER503.SG,0.0935,-0.0708,Mesolithic,HG
PER3023.SG,0.0928,-0.0728,Mesolithic,HG
PER3123.SG,0.0899,-0.074,Mesolithic,HG